{"v":"4.7.0","fr":25,"ip":0,"op":61,"w":640,"h":640,"nm":"bm-signal gps","ddd":0,"assets":[],"layers":[{"ddd":0,"ind":1,"ty":4,"nm":"Search circle 6","ks":{"o":{"a":1,"k":[{"i":{"x":[0.833],"y":[0.833]},"o":{"x":[0.167],"y":[0.167]},"n":["0p833_0p833_0p167_0p167"],"t":20,"s":[100],"e":[0]},{"t":50}]},"r":{"a":0,"k":0},"p":{"a":0,"k":[320,320,0]},"a":{"a":0,"k":[0,-80,0]},"s":{"a":0,"k":[100,100,100]}},"ao":0,"shapes":[{"ty":"gr","it":[{"d":1,"ty":"el","s":{"a":1,"k":[{"i":{"x":[0.833,0.833],"y":[0.833,0.833]},"o":{"x":[0.167,0.167],"y":[0.167,0.167]},"n":["0p833_0p833_0p167_0p167","0p833_0p833_0p167_0p167"],"t":20,"s":[30,30],"e":[640,640]},{"t":60}]},"p":{"a":0,"k":[0,0]},"nm":"Tracé d'ellipse 1","mn":"ADBE Vector Shape - Ellipse"},{"ty":"tr","p":{"a":0,"k":[0,-80],"ix":2},"a":{"a":0,"k":[0,0],"ix":1},"s":{"a":0,"k":[100,100],"ix":3},"r":{"a":0,"k":0,"ix":6},"o":{"a":0,"k":100,"ix":7},"sk":{"a":0,"k":0,"ix":4},"sa":{"a":0,"k":0,"ix":5},"nm":"Transformer "}],"nm":"Ellipse 1","np":2,"cix":2,"ix":1,"mn":"ADBE Vector Group"},{"ty":"st","c":{"a":0,"k":[0.7529412,0.7529412,0.7529412,1]},"o":{"a":0,"k":100},"w":{"a":0,"k":2},"lc":1,"lj":1,"ml":4,"nm":"Contour 1","mn":"ADBE Vector Graphic - Stroke"}],"ip":20,"op":61,"st":-30,"bm":0,"sr":1},{"ddd":0,"ind":2,"ty":4,"nm":"Search circle 5","ks":{"o":{"a":1,"k":[{"i":{"x":[0.833],"y":[0.833]},"o":{"x":[0.167],"y":[0.167]},"n":["0p833_0p833_0p167_0p167"],"t":15,"s":[100],"e":[0]},{"t":45}]},"r":{"a":0,"k":0},"p":{"a":0,"k":[320,320,0]},"a":{"a":0,"k":[0,-80,0]},"s":{"a":0,"k":[100,100,100]}},"ao":0,"shapes":[{"ty":"gr","it":[{"d":1,"ty":"el","s":{"a":1,"k":[{"i":{"x":[0.833,0.833],"y":[0.833,0.833]},"o":{"x":[0.167,0.167],"y":[0.167,0.167]},"n":["0p833_0p833_0p167_0p167","0p833_0p833_0p167_0p167"],"t":15,"s":[30,30],"e":[640,640]},{"t":55}]},"p":{"a":0,"k":[0,0]},"nm":"Tracé d'ellipse 1","mn":"ADBE Vector Shape - Ellipse"},{"ty":"tr","p":{"a":0,"k":[0,-80],"ix":2},"a":{"a":0,"k":[0,0],"ix":1},"s":{"a":0,"k":[100,100],"ix":3},"r":{"a":0,"k":0,"ix":6},"o":{"a":0,"k":100,"ix":7},"sk":{"a":0,"k":0,"ix":4},"sa":{"a":0,"k":0,"ix":5},"nm":"Transformer "}],"nm":"Ellipse 1","np":2,"cix":2,"ix":1,"mn":"ADBE Vector Group"},{"ty":"st","c":{"a":0,"k":[0.7529412,0.7529412,0.7529412,1]},"o":{"a":0,"k":100},"w":{"a":0,"k":2},"lc":1,"lj":1,"ml":4,"nm":"Contour 1","mn":"ADBE Vector Graphic - Stroke"}],"ip":15,"op":56,"st":-35,"bm":0,"sr":1},{"ddd":0,"ind":3,"ty":4,"nm":"Search circle 4","ks":{"o":{"a":1,"k":[{"i":{"x":[0.833],"y":[0.833]},"o":{"x":[0.167],"y":[0.167]},"n":["0p833_0p833_0p167_0p167"],"t":10,"s":[100],"e":[0]},{"t":40}]},"r":{"a":0,"k":0},"p":{"a":0,"k":[320,320,0]},"a":{"a":0,"k":[0,-80,0]},"s":{"a":0,"k":[100,100,100]}},"ao":0,"shapes":[{"ty":"gr","it":[{"d":1,"ty":"el","s":{"a":1,"k":[{"i":{"x":[0.833,0.833],"y":[0.833,0.833]},"o":{"x":[0.167,0.167],"y":[0.167,0.167]},"n":["0p833_0p833_0p167_0p167","0p833_0p833_0p167_0p167"],"t":10,"s":[30,30],"e":[640,640]},{"t":50}]},"p":{"a":0,"k":[0,0]},"nm":"Tracé d'ellipse 1","mn":"ADBE Vector Shape - Ellipse"},{"ty":"tr","p":{"a":0,"k":[0,-80],"ix":2},"a":{"a":0,"k":[0,0],"ix":1},"s":{"a":0,"k":[100,100],"ix":3},"r":{"a":0,"k":0,"ix":6},"o":{"a":0,"k":100,"ix":7},"sk":{"a":0,"k":0,"ix":4},"sa":{"a":0,"k":0,"ix":5},"nm":"Transformer "}],"nm":"Ellipse 1","np":2,"cix":2,"ix":1,"mn":"ADBE Vector Group"},{"ty":"st","c":{"a":0,"k":[0.7529412,0.7529412,0.7529412,1]},"o":{"a":0,"k":100},"w":{"a":0,"k":2},"lc":1,"lj":1,"ml":4,"nm":"Contour 1","mn":"ADBE Vector Graphic - Stroke"}],"ip":10,"op":51,"st":-40,"bm":0,"sr":1},{"ddd":0,"ind":4,"ty":4,"nm":"Search circle 3","ks":{"o":{"a":1,"k":[{"i":{"x":[0.833],"y":[0.833]},"o":{"x":[0.167],"y":[0.167]},"n":["0p833_0p833_0p167_0p167"],"t":5,"s":[100],"e":[0]},{"t":35}]},"r":{"a":0,"k":0},"p":{"a":0,"k":[320,320,0]},"a":{"a":0,"k":[0,-80,0]},"s":{"a":0,"k":[100,100,100]}},"ao":0,"shapes":[{"ty":"gr","it":[{"d":1,"ty":"el","s":{"a":1,"k":[{"i":{"x":[0.833,0.833],"y":[0.833,0.833]},"o":{"x":[0.167,0.167],"y":[0.167,0.167]},"n":["0p833_0p833_0p167_0p167","0p833_0p833_0p167_0p167"],"t":5,"s":[30,30],"e":[640,640]},{"t":45}]},"p":{"a":0,"k":[0,0]},"nm":"Tracé d'ellipse 1","mn":"ADBE Vector Shape - Ellipse"},{"ty":"tr","p":{"a":0,"k":[0,-80],"ix":2},"a":{"a":0,"k":[0,0],"ix":1},"s":{"a":0,"k":[100,100],"ix":3},"r":{"a":0,"k":0,"ix":6},"o":{"a":0,"k":100,"ix":7},"sk":{"a":0,"k":0,"ix":4},"sa":{"a":0,"k":0,"ix":5},"nm":"Transformer "}],"nm":"Ellipse 1","np":2,"cix":2,"ix":1,"mn":"ADBE Vector Group"},{"ty":"st","c":{"a":0,"k":[0.7529412,0.7529412,0.7529412,1]},"o":{"a":0,"k":100},"w":{"a":0,"k":2},"lc":1,"lj":1,"ml":4,"nm":"Contour 1","mn":"ADBE Vector Graphic - Stroke"}],"ip":5,"op":46,"st":-45,"bm":0,"sr":1},{"ddd":0,"ind":5,"ty":4,"nm":"Search circle 2","ks":{"o":{"a":1,"k":[{"i":{"x":[0.833],"y":[0.833]},"o":{"x":[0.167],"y":[0.167]},"n":["0p833_0p833_0p167_0p167"],"t":0,"s":[100],"e":[0]},{"t":30}]},"r":{"a":0,"k":0},"p":{"a":0,"k":[320,320,0]},"a":{"a":0,"k":[0,-80,0]},"s":{"a":0,"k":[100,100,100]}},"ao":0,"shapes":[{"ty":"gr","it":[{"d":1,"ty":"el","s":{"a":1,"k":[{"i":{"x":[0.833,0.833],"y":[0.833,0.833]},"o":{"x":[0.167,0.167],"y":[0.167,0.167]},"n":["0p833_0p833_0p167_0p167","0p833_0p833_0p167_0p167"],"t":0,"s":[30,30],"e":[640,640]},{"t":40}]},"p":{"a":0,"k":[0,0]},"nm":"Tracé d'ellipse 1","mn":"ADBE Vector Shape - Ellipse"},{"ty":"tr","p":{"a":0,"k":[0,-80],"ix":2},"a":{"a":0,"k":[0,0],"ix":1},"s":{"a":0,"k":[100,100],"ix":3},"r":{"a":0,"k":0,"ix":6},"o":{"a":0,"k":100,"ix":7},"sk":{"a":0,"k":0,"ix":4},"sa":{"a":0,"k":0,"ix":5},"nm":"Transformer "}],"nm":"Ellipse 1","np":2,"cix":2,"ix":1,"mn":"ADBE Vector Group"},{"ty":"st","c":{"a":0,"k":[0.7529412,0.7529412,0.7529412,1]},"o":{"a":0,"k":100},"w":{"a":0,"k":2},"lc":1,"lj":1,"ml":4,"nm":"Contour 1","mn":"ADBE Vector Graphic - Stroke"}],"ip":0,"op":41,"st":-50,"bm":0,"sr":1}]}